,ContNb,Commit
0,1,https://github.com/pop-os/shell/commit/afa7510141830192968391ecbd981304de72d9f0
1,2,https://github.com/pop-os/shell/commit/a08804d2aca5371faad4c7f857ac49327ac445aa
2,3,https://github.com/pop-os/shell/commit/feaf0e3f7c6155c31ba24fdcaee004daa9c0828d
3,3,https://github.com/pop-os/shell/commit/feaf0e3f7c6155c31ba24fdcaee004daa9c0828d
4,4,https://github.com/pop-os/shell/commit/886a069c0582b371e90ac3602b1747ea5fba616c
5,5,https://github.com/pop-os/shell/commit/f0e9232164132396de5cbca60dd2cba0bea2916f
6,6,https://github.com/pop-os/shell/commit/3c94a3733cac1c2294acbe19799d7117f6e14782
7,7,https://github.com/pop-os/shell/commit/5506f35cabb1528c25102f2f6a06c642ef4b799e
8,7,https://github.com/pop-os/shell/commit/924bf09f853fa5c524a30d59ddd00d0136d86974
9,7,https://github.com/pop-os/shell/commit/6eb84201bc3fc2282a6d62963e4c55b56f493f16
10,7,https://github.com/pop-os/shell/commit/b7524d8f949e3215bdda8f2f7af5a7873b148ce4
11,8,https://github.com/pop-os/shell/commit/0358b154a24e0aebf610dade14c90ea8af01ad21
12,9,https://github.com/pop-os/shell/commit/80701c1fed64c218fd419e8fd82b403a1afa26e3
13,9,https://github.com/pop-os/shell/commit/493b45bc17de09727c1b2d4b98e550a43b65908d
14,9,https://github.com/pop-os/shell/commit/bd1020dde59995fa555d39edcba63e6f10429f0a
15,9,https://github.com/pop-os/shell/commit/d5065a40bf9955e85b199779fb3fde9fabac0dc3
16,9,https://github.com/pop-os/shell/commit/773543a131ee4e4574d93c7cc18a8018852395b9
17,9,https://github.com/pop-os/shell/commit/0ee747b024e5a0b5fd011195ccdd640c3d8e7e5a
18,10,https://github.com/pop-os/shell/commit/3b6354f4066f46c67b16c5097edd8ec79476bc59
19,10,https://github.com/pop-os/shell/commit/cc4e9c2a169b9491c0e417188e36df6061abb75d
20,11,https://github.com/pop-os/shell/commit/af192b49bac58d0204167ab690fa80d7ac524071
21,12,https://github.com/pop-os/shell/commit/28a4624d4a5191ac59b75225111fff7b9bc9c2c1
22,13,https://github.com/pop-os/shell/commit/afb4f12df1b8ca24dda6aff7ea157bedb8fff208
23,14,https://github.com/pop-os/shell/commit/7335558cfa57ca3a3f3883f2be74bcf9798d4a67
24,15,https://github.com/pop-os/shell/commit/867221cf36be67ec37c6750709a406667a332f2c
25,15,https://github.com/pop-os/shell/commit/e7db928ab5892a2c9bb5a917ac55819acd429b27
26,15,https://github.com/pop-os/shell/commit/b68a38c12af9bcd7cf41d4e1110b1547f2e59c5e
27,16,https://github.com/pop-os/shell/commit/b2cfd692a35a07a6be10fa1576732f20a2fc505d
28,17,https://github.com/pop-os/shell/commit/9b75a37bd54711cc1a73101a5c8618a099e173c2
29,18,https://github.com/pop-os/shell/commit/b654b5b69cc00c51dedf27fdfa95e5c89e7a07ce
30,19,https://github.com/pop-os/shell/commit/e7f30249a18317de3a54dc185e3a547ee4a74022
31,20,https://github.com/pop-os/shell/commit/321588609a443902405908df59161b43a70f4698
32,20,https://github.com/pop-os/shell/commit/a3b177b1c608fc6bc8cfd9e6d4d9ea3eb766cdc1
33,20,https://github.com/pop-os/shell/commit/6f1a5d51d4077d43fdd3fe4dade2936c30395a6a
34,20,https://github.com/pop-os/shell/commit/8dcf549c9dbc47f4962db505a89dcacc381e2d68
35,21,https://github.com/pop-os/shell/commit/98a39978855a19f7902ccf2abd0cffdf06f1285b
